feature,mi_score,importance,mi_rank,rf_rank,avg_rank
T_AmpSpecial_V6,0.2702509301092557,0.0182586297192118,1.0,5.0,3.0
T_Area_V6,0.2654750514200024,0.020593324573832186,2.0,4.0,3.0
T_AmpSpecial_V5,0.24703460342744066,0.02817884063138053,5.0,1.0,3.0
T_AmpSpecial_aVR,0.242975771617032,0.023705692761575393,6.0,2.0,4.0
T_Area_aVR,0.2582606061564867,0.017347840582124182,3.0,6.0,4.5
T+_Amp_V5,0.236724981436919,0.023132453548048777,7.0,3.0,5.0
T_Area_I,0.21720672126548557,0.013509525179974856,8.0,14.0,11.0
T+_Amp_II,0.20978670001218136,0.014324676811389941,11.0,12.0,11.5
T_Area_II,0.20375261766093056,0.0138561405658289,12.0,13.0,12.5
T_Area_V5,0.24744689090113647,0.009031682318476389,4.0,22.0,13.0
T_AmpSpecial_I,0.2107148851533891,0.011529681528101193,10.0,18.0,14.0
QRS_Balance_II,0.16427683782692126,0.014406970903927192,23.0,11.0,17.0
T_AmpSpecial_II,0.21640602272032528,0.008515037994749513,9.0,26.0,17.5
T+_Dur_V5,0.17189916357631985,0.009621600022108441,18.0,19.0,18.5
T_Area_V4,0.16191267015445998,0.013458752493201833,24.0,15.0,19.5
T_AmpSpecial_V4,0.16490557948941165,0.009038094096511413,21.0,21.0,21.0
R_AxisFrontal_Global,0.14415290246520884,0.01536975044500565,36.0,8.0,22.0
ST_Amp18_aVR,0.18646003367587927,0.007306548284279404,15.0,34.0,24.5
QRS_Area_II,0.14493164581134366,0.012711828415677593,35.0,17.0,26.0
QRS_Area_V1,0.1510405968153412,0.008746831210246926,32.0,23.0,27.5
ST_Amp18_V5,0.17333497849009483,0.006608004283715686,17.0,39.0,28.0
ST_AmpMax_V6,0.16705126514760682,0.0070733556538736045,19.0,38.0,28.5
T+_Dur_I,0.16487701795121756,0.0071513552274274994,22.0,36.0,29.0
T-_Dur_aVR,0.15571511782744407,0.007212578303585917,27.0,35.0,31.0
QRS_Balance_aVR,0.14247301212935293,0.007830596131541554,37.0,28.0,32.5
S_Dur_V2,0.15396529351272115,0.007143855928721081,30.0,37.0,33.5
T+_Dur_V6,0.20009024632916894,0.004919688556372643,13.0,55.0,34.0
R_Amp_II,0.1375789322164831,0.007815701128354698,41.0,29.0,35.0
QRS_Dur_Global,0.1335501424713761,0.0086341462496651,46.0,24.0,35.0
ST_Amp116_V6,0.15841907828758162,0.0056911807732323875,25.0,46.0,35.5
R_Area_V2,0.11928111742155423,0.01613660040232728,65.0,7.0,36.0
QRS_Area_V6,0.15144792653834438,0.005724865140140967,31.0,45.0,38.0
Q_Area_III,0.11819460019177397,0.014893088076815686,69.0,10.0,39.5
QRS_Balance_aVF,0.1253712252265995,0.007504252186858352,54.0,31.0,42.5
ST_Amp18_I,0.18496848235935692,0.004103093025642945,16.0,70.0,43.0
QRS_Area_aVR,0.13808549310745155,0.004994673616233493,40.0,52.0,46.0
T+_Amp_V4,0.16531585634204093,0.0040273275677622875,20.0,73.0,46.5
QRS_Area_V5,0.13449929469046706,0.005501316126060345,45.0,48.0,46.5
S_Area_V2,0.13745162712800774,0.004928453557198286,42.0,53.0,47.5
T_Dur_V6,0.1374039156975786,0.004836050109805478,43.0,56.0,49.5
ST_Amp116_I,0.15719537434657127,0.003816043913575146,26.0,77.0,51.5
S_Area_V1,0.154188782515424,0.0038181661240536207,29.0,76.0,52.5
ST_Amp116_aVR,0.14744930458310757,0.003826496351702652,33.0,75.0,54.0
ST_AmpMax_I,0.15525035639701112,0.003769283922093275,28.0,81.0,54.5
ST_AmpMin_V6,0.13152402354339632,0.004432222385693744,49.0,60.0,54.5
QRS_Balance_V5,0.11869168848524092,0.005810249661949076,68.0,42.0,55.0
T+_Dur_V4,0.11928282539919444,0.00552456303518211,64.0,47.0,55.5
Q_Area_aVF,0.10245753120922396,0.015169665371132821,102.0,9.0,55.5
R_Area_V6,0.12353715192821468,0.004788950685067992,56.0,57.0,56.5
S_Amp_V2,0.11720837319807664,0.0057426890266787925,71.0,44.0,57.5
ST_Amp18_aVL,0.12338397727911854,0.004451531469097823,57.0,58.0,57.5
R_Dur_V2,0.11086181059449585,0.007497310817963453,83.0,32.0,57.5
S_Dur_V1,0.13082409073970247,0.004179689581528014,50.0,66.0,58.0
T_Dur_aVR,0.1295843478244172,0.004361263339972448,53.0,63.0,58.0
R_Area_II,0.11416933876252866,0.006414752034853956,77.0,40.0,58.5
R_Area_V3,0.10610361811254565,0.00764534752782942,90.0,30.0,60.0
S_Dur_V3,0.13638379773683296,0.0038080857895538955,44.0,78.0,61.0
S_Dur_V4,0.11903613672360214,0.004393560747593719,66.0,61.0,63.5
T+_Dur_II,0.14645910190991707,0.0026743748091490743,34.0,94.0,64.0
Q_PeakTime_aVF,0.09878591371589618,0.013272976426879473,113.0,16.0,64.5
T_Dur_I,0.12052591471821339,0.004005405312969181,60.0,74.0,67.0
S_Dur_II,0.10992880599918786,0.0049283602532243275,85.0,54.0,69.5
QRS_Balance_V6,0.11999411927282733,0.003725626897465853,61.0,83.0,72.0
R_PeakTime_V2,0.11088287442349598,0.00429677548410236,82.0,64.0,73.0
R_Amp_V5,0.11250509119312158,0.004177531825999271,80.0,67.0,73.5
S_Area_II,0.10161875596575065,0.005971482927357926,107.0,41.0,74.0
R_Area_V5,0.11300498689876015,0.004132213069710928,79.0,69.0,74.0
T_Morph_V6,0.1324975261739052,0.0024603849189324067,47.0,102.0,74.5
ST_Amp116_V1,0.11869375374341695,0.0034539413051728257,67.0,86.0,76.5
S_Amp_V1,0.130452677517781,0.002495189796767336,52.0,101.0,76.5
QRS_Balance_V1,0.12181939768009009,0.0025982551015149326,58.0,98.0,78.0
Q_Amp_III,0.09464029672517382,0.007971655299230261,130.0,27.0,78.5
QRS_Area_V2,0.11496486122450289,0.0036467365720391186,75.0,84.0,79.5
R_Amp_V2,0.0951723618336362,0.007354001729631775,128.0,33.0,80.5
QRS_Area_V4,0.1307275756060915,0.002089824272483777,51.0,114.0,82.5
T_Dur_V5,0.11648135263643411,0.0026035334695866997,73.0,97.0,85.0
T_AxisFront_Global,0.18918905949477693,0.001449277003159225,14.0,156.0,85.0
Max_S_Amp_aVF,0.10230182013797506,0.004293851088161112,105.0,65.0,85.0
R_Area_V4,0.10764331574994301,0.002897873468013274,87.0,90.0,88.5
R_Dur_V3,0.10163848070097847,0.004097524481276682,106.0,71.0,88.5
QRS_Area_III,0.10546218974577748,0.0033450522995415633,92.0,87.0,89.5
S_PeakTime_V2,0.10250382384760792,0.003803494006003309,101.0,79.0,90.0
ST_AmpMin_I,0.12110099094656412,0.0019170507525878143,59.0,124.0,91.5
ST_Amp18_II,0.13832925337274427,0.001610652261378201,38.0,146.0,92.0
T+_Dur_aVF,0.10230889901250029,0.0037879224562505855,104.0,80.0,92.0
Q_Area_V2,0.08329950370461159,0.009465754643698043,166.0,20.0,93.0
S_Area_aVF,0.09230543531399382,0.005334985655195547,140.0,50.0,95.0
R_Amp_V3,0.09012766138146722,0.005745469149047675,147.0,43.0,95.0
S_Area_V3,0.1195296648819495,0.0018638469363308299,63.0,128.0,95.5
QRS_Off_Global,0.09573756110464426,0.004095771784218945,125.0,72.0,98.5
QRS_Balance_V4,0.10649136097687961,0.0022252027942640316,88.0,109.0,98.5
Q_Amp_aVF,0.08032479168471829,0.008628139869816377,173.0,25.0,99.0
T_AmpSpecial_aVF,0.11683452621015356,0.0018383269233066698,72.0,130.0,101.0
T_Area_aVF,0.10508513836413913,0.00236788357633478,96.0,106.0,101.0
Max_S_Amp_III,0.09788215247606935,0.0031189807024241166,116.0,88.0,102.0
Q_PeakTime_III,0.08564558079426243,0.005322234457805246,159.0,51.0,105.0
T-_Amp_V6,0.11316034582198808,0.001710189836351337,78.0,136.0,107.0
Q_PeakTime_V2,0.08272750711918642,0.005436942673991213,169.0,49.0,109.0
R_Dur_I,0.08423208039034158,0.004366435276419117,164.0,62.0,113.0
R_PeakTime_V6,0.09714049473435793,0.0023234705472915105,119.0,107.0,113.0
T_Area_V3,0.10062820790609983,0.002015773817192319,109.0,117.0,113.0
T_Area_aVL,0.10309680419240141,0.0018624872822973811,99.0,129.0,114.0
ST_AmpMin_V1,0.10428537152405282,0.0017217849869146245,97.0,135.0,116.0
age,0.09081459487403576,0.003013688729439091,144.0,89.0,116.5
R_Amp_V6,0.09625362554783568,0.0022040830919054675,123.0,110.0,116.5
R_Amp_V4,0.10970740772088616,0.0016000346567366075,86.0,149.0,117.5
ST_Amp116_V5,0.1380864038580909,0.0009731472640687552,39.0,199.0,119.0
R_PeakTime_aVF,0.10089544492495328,0.001823936724689396,108.0,131.0,119.5
Q_Area_V1,0.09476523409025628,0.002174448374763101,129.0,111.0,120.0
T_Morph_II,0.09705042047582202,0.0019625698324275856,120.0,121.0,120.5
QRS_Area_V3,0.10513242092144859,0.0016060830695826091,95.0,147.0,121.0
Max_S_Amp_V1,0.09342692417898446,0.0022826166401752252,136.0,108.0,122.0
S_Dur_V5,0.08772699208555856,0.0028832714382347243,154.0,91.0,122.5
S_Area_V6,0.08990277934583757,0.002547995403490328,148.0,99.0,123.5
Q_Dur_aVR,0.08747452475645057,0.00276469567392729,155.0,93.0,124.0
S_Dur_V6,0.07832348643037657,0.004168894189071072,180.0,68.0,124.0
R_Dur_aVL,0.08460314383115541,0.0036324295816675557,163.0,85.0,124.0
R_Area_aVL,0.10057553546777998,0.0016932147057338246,110.0,139.0,124.5
T+_Amp_aVF,0.09256064572276657,0.00211911948104003,139.0,112.0,125.5
QRS_Balance_III,0.09550291400138855,0.0018925888210279207,127.0,125.0,126.0
T-_Amp_aVL,0.09643963213283602,0.0018027123288864857,122.0,132.0,127.0
ST_Amp18_V4,0.11453387885757937,0.0011692023011971465,76.0,180.0,128.0
T_DurFull_V6,0.11972064205590183,0.0009882585777421591,62.0,196.0,129.0
R_PeakTime_aVL,0.09171272491343974,0.0020142174247771236,143.0,118.0,130.5
QRS_AmpPP_aVR,0.09448075943476297,0.001723776104706215,131.0,134.0,132.5
S_Area_V4,0.09602251204789347,0.0016691056779127955,124.0,142.0,133.0
ST_AmpMax_aVR,0.13238473469140422,0.0007974469647193577,48.0,220.0,134.0
T_AmpSpecial_aVL,0.10618186641037086,0.0011734551611992513,89.0,179.0,134.0
ST_Amp116_II,0.10528831249954118,0.0012167141310157866,93.0,175.0,134.0
R_Dur_V6,0.08024260913620918,0.002663312587154526,174.0,96.0,135.0
R_PeakTime_III,0.09389659019090546,0.0017079583013017113,132.0,138.0,135.0
T_AmpSpecial_V3,0.09355125641116269,0.0016785685629388013,134.0,140.0,137.0
Max_S_Amp_II,0.08867635775806448,0.0019181371325729041,151.0,123.0,137.0
T-_Amp_I,0.09912872559548402,0.0012792522773848727,112.0,171.0,141.5
R_PeakTime_V3,0.08311165669596443,0.0020093085816174795,167.0,119.0,143.0
S_Area_V5,0.09057010738229554,0.0016107336926626642,146.0,145.0,145.5
R_Amp_aVF,0.08596946319705268,0.0017082969340160112,158.0,137.0,147.5
QRS_Area_aVL,0.08965368642950233,0.0016009365412820878,149.0,148.0,148.5
T+_Amp_V3,0.0918088630525884,0.001390660291798637,142.0,159.0,150.5
ST_AmpMin_V5,0.10520797418503847,0.0008838975791604672,94.0,208.0,151.0
S_PeakTime_V1,0.0930463316829182,0.0013064299255286993,137.0,166.0,151.5
T_DurFull_II,0.10557402942848881,0.0008521378218835869,91.0,213.0,152.0
QRS_AmpPP_V5,0.06888239402305452,0.0026699525505405053,211.0,95.0,153.0
S_Amp_aVF,0.0756488112682474,0.0020908570424302522,194.0,113.0,153.5
ST_Amp116_V3,0.08956965666883177,0.0014190034122387788,150.0,158.0,154.0
Q_PeakTime_V1,0.07781448325656282,0.0018821371040444771,185.0,126.0,155.5
R_Dur_aVF,0.07594312680310855,0.0019717431111162245,192.0,120.0,156.0
T_DurFull_V5,0.09852336445566356,0.0009869793005443809,115.0,197.0,156.0
Q_Amp_V1,0.07291598507755914,0.002055221765576145,199.0,115.0,157.0
Q_PeakTime_II,0.0674439433977585,0.002784804213900917,223.0,92.0,157.5
QRS_AmpPP_V6,0.07287423509123414,0.0020428137362813346,200.0,116.0,158.0
R_Dur_V5,0.06845062648912625,0.0024198680838305306,214.0,104.0,159.0
R_PeakTime_I,0.0906413048053154,0.0012237343151678675,145.0,174.0,159.5
T_Area_V1,0.08652849621491576,0.0013188345717292946,157.0,165.0,161.0
ST_Amp_V6,0.09739438541991596,0.000903783913676582,118.0,206.0,162.0
ST_Amp116_V2,0.0781369913628902,0.0016675788388951162,181.0,143.0,162.0
S_Amp_II,0.07376792474594396,0.001799343804451972,197.0,133.0,165.0
R_Area_aVF,0.07029757765044575,0.0019183861618962865,208.0,122.0,165.0
T_PeakTime_V6,0.11084211084945705,0.0006452319921025057,84.0,247.0,165.5
Q_Area_II,0.05358822522699214,0.004443673930611598,272.0,59.0,165.5
ST_Amp116_V4,0.10354357922518709,0.0007123142061517271,98.0,233.0,165.5
ST_Amp_V1,0.08518860322791788,0.0011328882659963476,161.0,183.0,172.0
T_DurFull_aVR,0.1109429644647606,0.0005462768617250305,81.0,265.0,173.0
Max_R_Amp_V1,0.07886286768578987,0.001269488771537698,176.0,172.0,174.0
ST_Amp_V3,0.08144567815344317,0.0011832264510458744,170.0,178.0,174.0
R_Area_I,0.06672630485580688,0.0018693624678205254,224.0,127.0,175.5
T_Dur_II,0.12364743476996276,0.00045300051301134944,55.0,299.0,177.0
R_PeakTime_II,0.09262157077109778,0.0008036385619389837,138.0,219.0,178.5
S_Dur_aVF,0.07166892041262773,0.0015132613782718152,205.0,153.0,179.0
R_Area_V1,0.07679992152219928,0.0012884578798361245,190.0,168.0,179.0
R_PeakTime_V5,0.08776712432382716,0.0008921634294339995,153.0,207.0,180.0
S_Area_III,0.07858922463962381,0.0010555212905969755,178.0,187.0,182.5
Q_PeakTime_V3,0.054600272629449,0.0025350803099366613,267.0,100.0,183.5
T_Morph_aVF,0.0788019286867816,0.0010430795160164756,177.0,190.0,183.5
T-_Dur_V5,0.10021037408969002,0.0005601842212790601,111.0,262.0,186.5
T+_Amp_V1,0.07744925493171273,0.0010587375209556331,188.0,186.0,187.0
S_Amp_III,0.06814731875204627,0.0013863023409066539,215.0,160.0,187.5
ST_Amp_V5,0.09342889299045298,0.0006675778271094776,135.0,240.0,187.5
R_Dur_V1,0.07796500915193638,0.0010383799072758715,184.0,191.0,187.5
ST_Amp116_aVL,0.10254732835854519,0.0005141804783170649,100.0,277.0,188.5
ST_Amp18_aVF,0.0937584155366844,0.0006537055774059069,133.0,245.0,189.0
S_Amp_V3,0.0847015052299489,0.0008070638665432811,162.0,217.0,189.5
Q_Area_aVR,0.07773565923669379,0.001025036820905093,186.0,194.0,190.0
R_Amp_aVL,0.06099578086596935,0.0016785387877623693,242.0,141.0,191.5
R_PeakTime_V1,0.07805351856447906,0.0009327047206848596,182.0,202.0,192.0
S_PeakTime_II,0.06755765890783083,0.0013409937760346011,221.0,163.0,192.0
QRS_AmpPP_V1,0.06376586541472129,0.001517551113247953,233.0,152.0,192.5
Rp_Amp_V1,0.04351356153824293,0.0037392350630097897,305.0,82.0,193.5
T-_Amp_V5,0.09656167613668698,0.000535376572680212,121.0,268.0,194.5
S_Dur_III,0.06524546290213085,0.0013564210778308126,229.0,161.0,195.0
T-_Dur_I,0.09762846524996593,0.0005176177424364968,117.0,275.0,196.0
QRS_Balance_V2,0.07181334952318963,0.0010501180970987035,204.0,188.0,196.0
T_DurFull_I,0.0956199209145483,0.0005312741858794692,126.0,269.0,197.5
QRS_AmpPP_II,0.06356410364180487,0.0013203362334047043,235.0,164.0,199.5
Q_Amp_II,0.047122609012318684,0.0024003933917247262,294.0,105.0,199.5
R_Dur_III,0.06581702776023723,0.001263771757491345,228.0,173.0,200.5
QRS_Balance_V3,0.07271204821379662,0.000952247670731507,201.0,201.0,201.0
Max_S_Amp_V6,0.06747734801306793,0.0011438623836664194,222.0,181.0,201.5
R_PeakTime_V4,0.07919452621198131,0.0007164627520722408,175.0,232.0,203.5
ST_AmpMin_II,0.08785222622367073,0.0005875408580329568,152.0,256.0,204.0
R_Amp_V1,0.055245931381116886,0.0016605000926487588,264.0,144.0,204.0
T-_Dur_V6,0.1024497131719615,0.00044315628585549894,103.0,307.0,205.0
T_Area_V2,0.06783577550354103,0.0010338171284856202,218.0,192.0,205.0
R_Dur_II,0.06342154219402607,0.0012131167119147275,236.0,176.0,206.0
T+_Dur_aVR,0.06756986451856362,0.0010263494079050092,220.0,193.0,206.5
QRS_Balance_aVL,0.06402164567205926,0.0010479278844801243,232.0,189.0,210.5
ST_Amp_V2,0.06861662746389063,0.0008781409252832126,212.0,209.0,210.5
QRS_AmpPP_V4,0.053378014016449704,0.0015797689296435517,273.0,150.0,211.5
S_PeakTime_V3,0.075658523793384,0.0007211534358428868,193.0,230.0,211.5
T_PeakTime_V5,0.08127138552028379,0.0005905023861838353,171.0,255.0,213.0
T_PeakTime_aVR,0.08720673232836917,0.0005173713168702542,156.0,276.0,216.0
ST_Amp116_aVF,0.07734836037425952,0.0006555661582247872,189.0,244.0,216.5
ST_Amp_V4,0.07338355269500374,0.0006855237101556181,198.0,235.0,216.5
R_Dur_V4,0.07016478233738432,0.0007818436619345178,210.0,224.0,217.0
Q_Area_V3,0.051528208872664294,0.0014553029508499451,280.0,155.0,217.5
Q_Amp_aVR,0.07637647861290642,0.0006483195034059705,191.0,246.0,218.5
T+_Amp_V2,0.06808498746547764,0.0007897566343980808,216.0,222.0,219.0
S_PeakTime_aVL,0.0565742705632406,0.001143512912311225,258.0,182.0,220.0
QT_IntBazett_Global,0.05706348642681691,0.0010606846955183878,256.0,185.0,220.5
Max_S_Amp_V3,0.060656454899449486,0.000981388991872635,245.0,198.0,221.5
Rp_Dur_V1,0.0360183381431991,0.002440172414032662,344.0,103.0,223.5
ST_Amp_aVR,0.09874100985627665,0.00038428468261406134,114.0,335.0,224.5
T_Dur_aVF,0.07840172711799731,0.0005257211295496861,179.0,270.0,224.5
T_AmpSpecial_V2,0.05728727758300378,0.0010077525291824116,255.0,195.0,225.0
T-_Dur_V4,0.06632367469163869,0.0007592443891047961,226.0,225.0,225.5
T_DurFull_aVF,0.071920309628287,0.000605978807133209,203.0,251.0,227.0
Max_S_Amp_V2,0.05411789415896662,0.0010637726062162748,270.0,184.0,227.0
R_Amp_III,0.05066859650767075,0.0012828506626314069,284.0,170.0,227.0
T_AmpSpecial_V1,0.06081677696113097,0.0008626371526720157,244.0,211.0,227.5
QRS_AmpPP_aVL,0.045240815883949015,0.0014811628793525342,301.0,154.0,227.5
R_Area_III,0.04647127368760717,0.0013449446391770952,296.0,162.0,229.0
ST_AmpMax_aVL,0.08059877677961635,0.000484383069299579,172.0,288.0,230.0
Q_PeakTime_aVR,0.06632360150216776,0.0006934880456914364,227.0,234.0,230.5
S_Amp_V4,0.06041250476463489,0.0008067136632177386,247.0,218.0,232.5
S_PeakTime_III,0.049205423906514945,0.0011847616432054673,288.0,177.0,232.5
S_PeakTime_aVF,0.04576888848239635,0.0012968938249946506,299.0,167.0,233.0
S_Area_aVR,0.06796821084668059,0.0006400834570802542,217.0,249.0,233.0
T+_Dur_V3,0.07798183424363758,0.0004959448013116116,183.0,284.0,233.5
Rp_PeakTime_V1,0.041335520404916615,0.0015767213293584326,317.0,151.0,234.0
Max_R_Amp_aVR,0.054859202969126386,0.0009105655830638814,266.0,204.0,235.0
ST_AmpMax_III,0.05652825614224355,0.0008258176936322512,259.0,215.0,237.0
QT_IntFridericia_Global,0.05405807533537077,0.0009189822318089385,271.0,203.0,237.0
ST_Amp_I,0.0855694742302866,0.00041765603960639664,160.0,314.0,237.0
P_Area_aVR,0.061200389070184436,0.000674743610939647,240.0,237.0,238.5
R_Dur_aVR,0.059440051485763146,0.0007491261339808409,251.0,226.0,238.5
T_Dur_V4,0.08280683566675995,0.00041849168199315943,168.0,313.0,240.5
ST_Amp18_III,0.052069124376020515,0.0008618799961085933,277.0,212.0,244.5
QRS_AmpPP_III,0.051149946142969416,0.0008710480095053052,282.0,210.0,246.0
T_PeakTime_II,0.0922430465527766,0.0003528628905351159,141.0,354.0,247.5
ST_AmpMax_aVF,0.06367037439930545,0.0005667203636591024,234.0,261.0,247.5
QRS_On_Global,0.05736964158696134,0.0006605705153542779,254.0,242.0,248.0
T-_Dur_aVL,0.05628349421633638,0.0006718095329447977,260.0,238.0,249.0
QRS_Balance_I,0.03636544534760233,0.0014245649163474366,343.0,157.0,250.0
R_Area_aVR,0.050616135979895116,0.0008200743385644324,285.0,216.0,250.5
ST_AmpMin_aVF,0.057421569842927234,0.0006437202461823373,253.0,248.0,250.5
T_Morph_V5,0.1156922130839444,0.00023078060253810837,74.0,429.0,251.5
S_PeakTime_I,0.05547456362433456,0.0006562877344569571,262.0,243.0,252.5
QT_IntFramingham_Global,0.04544810332477667,0.0009087086760909362,300.0,205.0,252.5
ST_Amp_II,0.0595946574491828,0.000571608974967704,250.0,259.0,254.5
S_PeakTime_V5,0.06174818600310816,0.0005250564654401988,239.0,271.0,255.0
T_PeakTime_I,0.08410244176067438,0.00036704775255166954,165.0,345.0,255.0
Max_S_Amp_V4,0.05269488348034379,0.0006770250798595896,275.0,236.0,255.5
QRS_AmpPP_aVF,0.0351850454889342,0.0012833953022571656,349.0,169.0,259.0
R_PeakTime_aVR,0.06855245082265515,0.00044166871183284965,213.0,308.0,260.5
T+_Dur_V2,0.047421934810636834,0.0007233384795043963,292.0,229.0,260.5
S_Area_I,0.04329613695594592,0.0008455680184081608,307.0,214.0,260.5
T+_Amp_aVL,0.07213785837640785,0.00041080785656513714,202.0,319.0,260.5
PR_Int_Global,0.050750572502557656,0.00067142264275737,283.0,239.0,261.0
T_DurFull_V4,0.0748277594723592,0.0003915742211183123,195.0,330.0,262.5
S_PeakTime_V4,0.06488263366809166,0.0004649919886533815,231.0,296.0,263.5
T_Morph_I,0.1176641125015423,0.00013725260059286695,70.0,458.0,264.0
S_Amp_V5,0.05158648910722263,0.0005941913529929792,279.0,254.0,266.5
P_Off_Global,0.05933272984368365,0.000499619720754906,252.0,281.0,266.5
P_Dur_I,0.05968162239984709,0.0004951152570396704,249.0,285.0,267.0
T+_Dur_aVL,0.06248855466531866,0.00045474694203358765,237.0,298.0,267.5
S_Dur_I,0.03743247162864405,0.0009722318768496263,337.0,200.0,268.5
S_Amp_V6,0.04968288732912107,0.0006152623099830658,287.0,250.0,268.5
ST_Amp116_III,0.07017333944668236,0.00039180523400263477,209.0,329.0,269.0
P_AreaFull_V1,0.05676746794031118,0.0004977886426520879,257.0,282.0,269.5
T-_Amp_V3,0.05326200651290547,0.0005211685505580454,274.0,273.0,273.5
T_Dur_V3,0.060537390169543404,0.00044962088985274517,246.0,304.0,275.0
QRS_AmpPP_V2,0.039590329545013514,0.0007411699104589155,325.0,228.0,276.5
ST_AmpMin_aVL,0.07456228967732326,0.0003446720652895634,196.0,362.0,279.0
T_PeakTime_V4,0.05200838203460911,0.0005019305992384745,278.0,280.0,279.0
P_Area_I,0.05598436117627026,0.0004517309628615961,261.0,301.0,281.0
P_On_Global,0.06090050011342241,0.0004099052470783814,243.0,320.0,281.5
ST_AmpMin_III,0.04604341583746496,0.0005438474306532626,298.0,266.0,282.0
T-_Amp_aVF,0.06101907574476062,0.000402585308000058,241.0,324.0,282.5
S_PeakTime_V6,0.04225526850946215,0.0006049448912385133,313.0,252.0,282.5
QRS_AmpPP_V3,0.037109831904647006,0.0007419035093693121,340.0,227.0,283.5
P_AreaFull_V2,0.04474026604779047,0.0005400237055898721,302.0,267.0,284.5
T_Area_III,0.032621213581397246,0.0007909952893527662,361.0,221.0,291.0
ST_Amp_aVF,0.040710386429270606,0.0005481417711454285,321.0,264.0,292.5
ST_Amp_aVL,0.04280817858172847,0.0005035007382797566,310.0,279.0,294.5
T_On_Global,0.039849125045338774,0.0005186039607639591,324.0,274.0,299.0
T-_Amp_V4,0.07049964224849115,0.0002824857066561017,207.0,401.0,304.0
P_AxisFront_Global,0.043014718428390886,0.000445648999574056,308.0,306.0,307.0
T_Dur_V2,0.04647938670594609,0.00040598058081563095,295.0,323.0,309.0
Max_S_Amp_I,0.025634246398970717,0.0007859055201728855,395.0,223.0,309.0
P_AreaFull_aVL,0.04631267255569549,0.00040715897130836986,297.0,321.0,309.0
T_PeakTime_aVF,0.06670255599432773,0.0002901404996300279,225.0,394.0,309.5
Q_PeakTime_V4,0.041759745025157446,0.0004492408396163153,315.0,305.0,310.0
S_Dur_aVL,0.029605239054862675,0.0006607483469035187,379.0,241.0,310.0
P_PeakTime_aVR,0.0434457964155297,0.0004167810036749799,306.0,315.0,310.5
weight,0.038366870672345676,0.00048166199229526466,334.0,290.0,312.0
P_Amp_I,0.05447723139082905,0.00034968851351850535,268.0,360.0,314.0
T_Morph_V4,0.07767520373036296,0.00017724414477413838,187.0,447.0,317.0
HR_Atrial_Global,0.03734706656241116,0.0004575271712397232,338.0,297.0,317.5
T-_Dur_V3,0.04412741501603046,0.00038634914277701463,303.0,333.0,318.0
P_OnsAmp_II,0.047929078844259454,0.00035427380503301963,291.0,352.0,321.5
T_DurFull_V3,0.05424848795064774,0.0003198706653862995,269.0,378.0,323.5
P_PeakTime_I,0.05539010448579518,0.000308024388353326,263.0,387.0,325.0
Q_Amp_V5,0.030443957680125422,0.0005112915919416119,373.0,278.0,325.5
T+_Amp_aVR,0.07157849543123529,0.00018260498812251033,206.0,446.0,326.0
P_Dur_aVL,0.04003855029966674,0.0003908466751016799,322.0,332.0,327.0
P_Area_V1,0.04120594877723294,0.0003770425590764308,318.0,339.0,328.5
T-_Dur_II,0.06772537367038467,0.00019630685064997506,219.0,438.0,328.5
R_Amp_aVR,0.03508546343327845,0.0004412715535921724,350.0,309.0,329.5
P_Area_V3,0.037976767314960025,0.00040213900574344015,336.0,325.0,330.5
P_Dur_III,0.04082819027443296,0.00037034712319310983,320.0,342.0,331.0
P_Area_V5,0.0360100813394717,0.0004108187661833745,345.0,318.0,331.5
HR_Ventr_Global,0.021919341835348938,0.0005964315192808381,415.0,253.0,334.0
P_Dur_V3,0.042259619902726975,0.00035094781608387306,312.0,358.0,335.0
T_Off_V5,0.023370350349488422,0.000567452944456094,410.0,260.0,335.0
ST_Amp_III,0.023490487113798864,0.0005522851956761646,408.0,263.0,335.5
T-_Amp_II,0.06508540047685063,0.00018373032260298052,230.0,445.0,337.5
Q_Area_V6,0.031074837972601355,0.00045125123581188446,372.0,303.0,337.5
P_PeakTime_III,0.03310219014049043,0.00041353286147699335,359.0,317.0,338.0
T_DurFull_V2,0.03910752741829038,0.0003581860170562514,329.0,348.0,338.5
P_Dur_V5,0.04738884615899641,0.00031225602464442497,293.0,384.0,338.5
Rp_Amp_V2,0.02965565961279637,0.00045131765623897415,377.0,302.0,339.5
Q_Area_V4,0.04295492558965863,0.00033257886951546385,309.0,370.0,339.5
P_Area_aVL,0.031804360028850454,0.0004191306100758683,368.0,312.0,340.0
T-_Amp_V1,0.04261315706528013,0.0003310453778999689,311.0,371.0,341.0
Rp_Area_V2,0.02552746530305816,0.0004934405720527693,397.0,286.0,341.5
RR_Mean_Global,0.02586514249793659,0.0004723402145588864,393.0,293.0,343.0
T-_Dur_aVF,0.05503222987807588,0.00024498484710409234,265.0,421.0,343.0
P_Dur_Global,0.03666733881990103,0.00036953088878923423,342.0,344.0,343.0
Rp_Dur_V2,0.018564004197932693,0.0005835965045703592,432.0,257.0,344.5
T_Off_Global,0.021550546891378364,0.0005234376487124485,417.0,272.0,344.5
P_Amp_aVR,0.04919000927663886,0.0002803886821293507,289.0,402.0,345.5
P_Dur_II,0.05216085912266433,0.00025367798675228075,276.0,416.0,346.0
P_Dur_V4,0.050420373204988156,0.0002640549389481779,286.0,410.0,348.0
Q_Amp_aVL,0.022150520420730402,0.000496520371859753,413.0,283.0,348.0
P_Area_V6,0.033728671112443376,0.0003762393586172591,357.0,340.0,348.5
P_DurFull_V1,0.03725455571089409,0.00034978313201769224,339.0,359.0,349.0
P_OnsAmp_V2,0.029780402010201712,0.00039748575690104433,376.0,326.0,351.0
Max_S_Amp_aVL,0.013090634817993774,0.0007168742473867647,472.0,231.0,351.5
T_PeakTime_aVL,0.025754506930305787,0.0004210126823206152,394.0,311.0,352.5
P_Amp_V4,0.03958151972412738,0.0003135019943912901,326.0,382.0,354.0
P_Area_II,0.038789611931293155,0.00032480563128363263,333.0,375.0,354.0
P_DurFull_aVL,0.0389050117537213,0.00031511073603647814,330.0,380.0,355.0
T_AmpSpecial_III,0.028344494338020443,0.0003942951835400245,383.0,328.0,355.5
T+_Amp_III,0.03187475311567578,0.00035970710197595716,366.0,347.0,356.5
P_Dur_V6,0.03884797668471318,0.0003119472555222891,331.0,385.0,358.0
T_Dur_aVL,0.020460493970714477,0.00047121351642896844,423.0,294.0,358.5
P_OnsAmp_aVR,0.03594812054285734,0.00032751837584792836,346.0,374.0,360.0
P_Dur_aVF,0.04803953392164528,0.0002292111044016102,290.0,430.0,360.0
T_Off_V4,0.02717965340817985,0.00038593215396955414,389.0,334.0,361.5
T_Off_V3,0.021944455679171693,0.0004374085485354314,414.0,310.0,362.0
P_DurFull_III,0.039939643871442776,0.00027184323626218995,323.0,407.0,365.0
P_PeakTime_II,0.039197846007787085,0.0002798587287580662,327.0,403.0,365.0
Q_Area_I,0.017258647181736197,0.0004833068154962365,441.0,289.0,365.0
Q_Amp_V6,0.026942814738904808,0.0003739744856574997,390.0,341.0,365.5
Q_PeakTime_V6,0.03882313054840747,0.0002845191208126295,332.0,400.0,366.0
T_Morph_aVL,0.05999376984539495,8.692912008105731e-05,248.0,485.0,366.5
T_Off_aVR,0.017194054079647803,0.00047343154493004164,442.0,292.0,367.0
P_PeakTime_aVF,0.03413472206459689,0.0003158207966157081,355.0,379.0,367.0
T_PeakTime_V3,0.036714521367715136,0.00028986433004900974,341.0,395.0,368.0
P+_Dur_V2,0.035312125765570634,0.00029554978268181496,347.0,392.0,369.5
T_PeakTime_V2,0.024351074732999134,0.0003798226842975889,403.0,337.0,370.0
P_PeakTime_V6,0.027986741646334412,0.00035216100356762176,385.0,355.0,370.0
S_PeakTime_aVR,0.02983383267792794,0.0003335367987737668,375.0,368.0,371.5
P_Amp_V5,0.03919535537747354,0.00025573486246635157,328.0,415.0,371.5
T_Morph_V3,0.05117799741068341,0.00011939953215764075,281.0,463.0,372.0
P_PeakTime_V5,0.029605694750791223,0.00033325198645647994,378.0,369.0,373.5
T_Off_II,0.018669519648741417,0.0004064230450988532,428.0,322.0,375.0
P_OnsAmp_V4,0.024804744941069323,0.00035521194699776875,399.0,351.0,375.0
T+_Dur_V1,0.027555407230540396,0.00034331146956947565,386.0,364.0,375.0
T_PeakTime_III,0.015544395294636804,0.00045209030595836676,455.0,300.0,377.5
P_Found_Global,0.04099940374363209,0.00020369280953387952,319.0,436.0,377.5
P_Dur_V1,0.030211774771431443,0.00031402430662896087,374.0,381.0,377.5
P_OnsAmp_aVF,0.0292039597207725,0.00032418182810528,380.0,376.0,378.0
P_Amp_II,0.03324570165998608,0.00028701334149833105,358.0,398.0,378.0
Q_Area_aVL,0.010276357821686233,0.0005827788133902978,499.0,258.0,378.5
P_Area_III,0.02438976216396238,0.00035215347906199555,402.0,356.0,379.0
Q_Area_V5,0.01995673725426972,0.000381994599360342,424.0,336.0,380.0
P_OnsAmp_V5,0.031268835672304984,0.00029693125117292963,370.0,391.0,380.5
P_Dur_V2,0.027388353341445626,0.00032819915918761984,388.0,373.0,380.5
P_PeakTime_aVL,0.02515345770537003,0.00033953261397189473,398.0,365.0,381.5
P-_Amp_V1,0.021532620547951353,0.0003606897792722621,418.0,346.0,382.0
P_Amp_V2,0.024720492069891353,0.0003357799457063404,400.0,366.0,383.0
P_OnsAmp_V6,0.03813304847127341,0.00021957236874239102,335.0,433.0,384.0
T-_Dur_V1,0.031954220185256066,0.000274230064956424,365.0,405.0,385.0
P_OnsAmp_V3,0.028963174705537664,0.00030692872514939234,382.0,389.0,385.5
T_PeakTime_V1,0.012579918485094321,0.0004749798973666653,481.0,291.0,386.0
P_PeakTime_V4,0.0321014888386153,0.00026163139336265095,362.0,412.0,387.0
S_Dur_aVR,0.032060072394360706,0.0002613450213821226,363.0,413.0,388.0
P_Amp_V6,0.03277796248224263,0.0002525829105822506,360.0,417.0,388.5
Q_Amp_V4,0.025584690189046633,0.000308525544404981,396.0,386.0,391.0
P_Amp_V3,0.03439277371548366,0.0002284545212035192,352.0,431.0,391.5
T_Off_V6,0.018273927547618474,0.0003581428087929536,435.0,349.0,392.0
P_PeakTime_V3,0.03529347984632558,0.00019706319266586442,348.0,437.0,392.5
T_Dur_III,0.018659623536190217,0.00035202689192124543,429.0,357.0,393.0
T-_Amp_V2,0.034135897981381724,0.00021753391836116354,354.0,434.0,394.0
P_Area_V4,0.031823477252792554,0.0002441532389975429,367.0,424.0,395.5
P_OnsAmp_III,0.02125382658482433,0.00033010408222062805,420.0,372.0,396.0
Q_PeakTime_V5,0.031980839720806564,0.0002356694815499478,364.0,428.0,396.0
P_Area_V2,0.018657316699520976,0.00034391217247805293,430.0,363.0,396.5
T_DurFull_aVL,0.017279357307453225,0.00035374845744726364,440.0,353.0,396.5
Rp_Area_aVR,0.027542798975904503,0.0002731278681362822,387.0,406.0,396.5
BMI,0.010376645272789808,0.00046548995451417026,498.0,295.0,396.5
S_Amp_I,0.022938615387688266,0.0003124688848580416,411.0,383.0,397.0
P_DurFull_V2,0.029139082097550784,0.00025840146930555965,381.0,414.0,397.5
T_DurFull_III,0.017491921117263054,0.00034892548434997325,439.0,361.0,400.0
T_Off_V2,0.013057870358713863,0.00039148680673579804,474.0,331.0,402.5
P_OnsAmp_I,0.03109625448022202,0.00021630152722409854,371.0,435.0,403.0
S_Area_aVL,0.02076258561707567,0.00030321465491932635,422.0,390.0,406.0
T-_Dur_V2,0.025951374184167264,0.0002444835990462308,392.0,423.0,407.5
T_Morph_aVR,0.06245519152320256,1.818933921301905e-05,238.0,584.0,411.0
P+_Dur_III,0.024145953320040103,0.00025100668674006,405.0,418.0,411.5
T_Off_aVF,0.017182126872196335,0.0003078544262609275,443.0,388.0,415.5
P+_Amp_V1,0.0193062315870276,0.00027143320373115067,426.0,408.0,417.0
PR_Int_Global_missing,0.04207105786962684,5.3081830898004916e-05,314.0,521.0,417.5
Q_PeakTime_aVL,0.011764119935813167,0.00035731772557542446,485.0,350.0,417.5
Q_PeakTime_I,0.01856689412332102,0.00027520823964700177,431.0,404.0,417.5
HR_Atrial_Global_missing,0.031671992102597635,0.000109374570243174,369.0,471.0,420.0
P_Morph_I,0.0339238657084735,8.785494208264393e-05,356.0,484.0,420.0
P_OnsAmp_V1,0.016772249587256205,0.0002886628356304713,445.0,396.0,420.5
T_Off_III,0.015932697334072987,0.00029271350134564995,451.0,393.0,422.0
T_Dur_V1,0.007723723661857473,0.0003972366211123905,523.0,327.0,425.0
P+_Amp_III,0.019035795089989982,0.00024300560811469388,427.0,425.0,426.0
S_Amp_aVL,0.01155314402810026,0.00033555955524657076,488.0,367.0,427.5
T+_Dur_III,0.02366384519123299,0.00017466773332100558,407.0,448.0,427.5
T-_Amp_III,0.015265833695083497,0.00028608972534083265,457.0,399.0,428.0
Pp_Amp_V1,0.016334431745027356,0.0002638118184844389,449.0,411.0,430.0
T_Off_I,0.006347929068517555,0.00041565584084850895,545.0,316.0,430.5
P_AxisFront_Global_missing,0.04401628505716371,2.8316892100354917e-05,304.0,558.0,431.0
P_PeakTime_V2,0.011426432794086061,0.00032335092962047454,489.0,377.0,433.0
Rp_Dur_aVR,0.02141175593486322,0.000169368404476848,419.0,450.0,434.5
P_PeakTime_V1,0.014349270537359793,0.0002666639751231428,463.0,409.0,436.0
T_Morph_V2,0.028014477903659074,8.010232859311599e-05,384.0,489.0,436.5
Tp_Amp_I,0.026284378456859603,8.387271257375156e-05,391.0,486.0,438.5
Rp_PeakTime_V2,0.017834133856730272,0.00019180109969707442,438.0,440.0,439.0
height,0.0023892601467720986,0.0004926042002056617,595.0,287.0,441.0
P+_Dur_aVL,0.01672976822237482,0.00019625476113692018,446.0,439.0,442.5
T_Off_V1,0.006218864216099185,0.0003697242112647682,549.0,343.0,446.0
P_Morph_V5,0.024481627963488517,7.433353549457897e-05,401.0,495.0,448.0
Pp_PeakTime_V1,0.01680732114147565,0.00016631848127429818,444.0,453.0,448.5
Rp_Amp_aVR,0.021734539068055003,9.156901623913565e-05,416.0,483.0,449.5
P+_Amp_aVL,0.01360845406374489,0.00022051255241489564,468.0,432.0,450.0
P_OnsAmp_aVL,0.012847993629229837,0.0002445520191353977,480.0,422.0,451.0
P_Morph_V3,0.035035867736116,3.0232452395165028e-05,351.0,555.0,453.0
P-_Dur_V1,0.003991601016986479,0.000378899396892335,574.0,338.0,456.0
Rp_PeakTime_aVR,0.015254723612978527,0.00014028118723853668,458.0,456.0,457.0
Rp_PeakTime_III,0.018018839200494963,9.82045091565431e-05,436.0,478.0,457.0
P_Morph_V6,0.022378023187404672,6.694256181671661e-05,412.0,502.0,457.0
Tp_Dur_V4,0.02104190740302725,7.073602485211449e-05,421.0,499.0,460.0
P_Morph_aVF,0.023416926877207977,5.607828160062045e-05,409.0,517.0,463.0
sex,0.014539595764362367,0.00010197964676312451,461.0,474.0,467.5
P_Morph_II,0.03419340166345508,1.8672398748459917e-05,353.0,583.0,468.0
T-_Dur_III,0.006505784057772246,0.0002886047053866004,543.0,397.0,470.0
Tp_Dur_V5,0.013959240666366668,9.911646521572071e-05,465.0,476.0,470.5
Tp_Dur_I,0.02388396452470598,4.047806619406931e-05,406.0,537.0,471.5
Pp_PeakTime_V2,0.012936165804902977,0.00011696905468927448,478.0,465.0,471.5
T_Morph_V1,0.015694025224568975,7.793333523863972e-05,453.0,492.0,472.5
P+_Dur_V1,0.007870023822643013,0.00024269403981577695,520.0,426.0,473.0
P_Morph_V2,0.02416240407616055,3.7291131806661715e-05,404.0,542.0,473.0
Tp_PeakTime_aVR,0.018014209571836748,6.006144617443124e-05,437.0,510.0,473.5
Tp_Amp_V6,0.010835322999238173,0.00013497045843472255,494.0,459.0,476.5
P-_Dur_V2,0.007972107383880545,0.0001884656997817396,519.0,442.0,480.5
P-_Amp_V3,0.01838093987978562,4.8204075161247826e-05,434.0,527.0,480.5
Rp_Dur_III,0.008195107512682931,0.0001842255733622601,518.0,444.0,481.0
P_Morph_V4,0.041649040233789236,0.0,316.0,647.0,481.5
Rp_Area_III,0.011912757911082483,9.388599945479138e-05,483.0,482.0,482.5
Tp_Area_V5,0.019727925064955354,3.961437428784063e-05,425.0,541.0,483.0
Pp_Amp_aVL,0.009092965407382358,0.00013855342272679682,510.0,457.0,483.5
Pp_Amp_V2,0.010617976164387422,9.986262765337289e-05,496.0,475.0,485.5
Tp_Dur_V3,0.01303593308383677,7.09671833429951e-05,476.0,498.0,487.0
Tp_Amp_aVF,0.009129181842511436,0.00011375594494521035,509.0,466.0,487.5
Tp_Amp_II,0.01484740133087703,5.3773848837105065e-05,460.0,520.0,490.0
Pp_Area_V3,0.014452818718619032,5.514225166588095e-05,462.0,518.0,490.0
Tp_Dur_aVR,0.016679340010475663,4.3989928004718563e-05,447.0,534.0,490.5
P_Morph_V1,0.012944583329800974,6.363670020399712e-05,477.0,505.0,491.0
Tp_Area_V6,0.011614343113997005,7.354115374841243e-05,487.0,496.0,491.5
Pp_Amp_III,0.009697839154882537,9.44755870412544e-05,502.0,481.0,491.5
Tp_Amp_V4,0.015747191935533866,4.5271756181679184e-05,452.0,531.0,491.5
Tp_Dur_V6,0.008530146403908478,0.00011122010056595039,516.0,469.0,492.5
T_Morph_III,0.01382235416746136,5.428120027972026e-05,467.0,519.0,493.0
Tp_Amp_V5,0.013076230052672333,5.779133064754972e-05,473.0,514.0,493.5
Rp_Area_V3,0.018457966652675406,2.9605270197414117e-05,433.0,556.0,494.5
P-_Amp_III,0.007749029514848349,0.00011173235480764916,522.0,468.0,495.0
Rp_PeakTime_aVF,0.007393163214887366,0.00011805257987071105,526.0,464.0,495.0
Q_Amp_I,0.006573282288251381,0.00017330294228621427,542.0,449.0,495.5
Tp_Dur_aVF,0.009570866919432763,8.340344414442946e-05,504.0,487.0,495.5
Tp_Dur_aVL,0.007059148400904824,0.00012763234291084062,533.0,460.0,496.5
P_Morph_III,0.014044678343072992,4.733408574615878e-05,464.0,529.0,496.5
Rp_Amp_aVL,0.011896805116800468,6.05653155500159e-05,484.0,509.0,496.5
Tp_Amp_III,0.008571504656141204,9.682409057554882e-05,515.0,480.0,497.5
Sp_PeakTime_III,0.013258516289527122,4.90238482432607e-05,470.0,525.0,497.5
Pp_Dur_V2,0.00933474635309306,8.192192179361521e-05,508.0,488.0,498.0
P-_Dur_III,0.00592338137509163,0.00018433526297713328,554.0,443.0,498.5
Pp_Area_III,0.0071544874418267845,0.0001122938731360385,531.0,467.0,499.0
Pp_Dur_III,0.007278906048389544,0.00010759677408537973,528.0,473.0,500.5
P-_Dur_V3,0.013256535416509063,4.1247726259977064e-05,471.0,536.0,503.5
Tp_Amp_V3,0.0166687672258794,2.7626870341222516e-05,448.0,561.0,504.5
Rp_Area_aVL,0.008731987818380027,7.195126965805704e-05,512.0,497.0,504.5
Tp_PeakTime_V4,0.015571922246644831,2.7828972545757024e-05,454.0,560.0,507.0
Tp_PeakTime_V3,0.014896917759132489,2.9005612654328485e-05,459.0,557.0,508.0
Pp_Dur_V1,0.004345421504368119,0.00016795349965106996,567.0,452.0,509.5
Tp_Dur_III,0.007265980950113882,7.884853360578604e-05,529.0,491.0,510.0
Rp_Dur_aVL,0.008721914040019652,6.211225736318109e-05,513.0,507.0,510.0
Rp_Dur_aVF,0.006380075440356681,9.865750721448092e-05,544.0,477.0,510.5
Rp_PeakTime_I,0.007349996980945406,7.583652044376379e-05,527.0,494.0,510.5
Pp_Dur_V3,0.011698819322927267,4.2355282284644556e-05,486.0,535.0,510.5
Rp_PeakTime_V3,0.01605132101120077,2.2510594335173944e-05,450.0,574.0,512.0
Tp_PeakTime_V6,0.010105565224917346,5.177779399916028e-05,500.0,524.0,512.0
Tp_PeakTime_I,0.015294951762017117,2.492796915974376e-05,456.0,570.0,513.0
Pp_Dur_aVL,0.0033822994016023955,0.00019083907924514923,587.0,441.0,514.0
P-_Amp_aVL,0.0014032420432390502,0.00024610301401884746,611.0,420.0,515.5
Rp_Dur_V3,0.010663980244949745,4.031362533585487e-05,495.0,538.0,516.5
Rp_Amp_V3,0.0055325394382435,9.748189930467223e-05,556.0,479.0,517.5
Rp_PeakTime_aVL,0.006990967706545614,6.949503062431417e-05,535.0,500.0,517.5
Rp_Amp_II,0.007842967446892946,5.744410306924599e-05,521.0,515.0,518.0
P-_Dur_aVL,0.0003497285887670287,0.0002485745519216382,620.0,419.0,519.5
Rp_Amp_V5,0.010922429416226898,3.261147234724243e-05,492.0,548.0,520.0
Pp_Area_aVL,0.0031754158491188456,0.00014452480630579008,588.0,454.0,521.0
Tp_Amp_aVR,0.008519891278564895,4.798403076305103e-05,517.0,528.0,522.5
P-_Amp_V2,0.0034409800775296873,0.00012188055574701188,585.0,462.0,523.5
Tp_PeakTime_V2,0.012014530611334173,2.613132640240502e-05,482.0,565.0,523.5
Rp_Amp_III,0.003944635037254063,0.00010874595295892873,576.0,472.0,524.0
Sp_PeakTime_V2,0.013275853596375953,2.0347390470794245e-05,469.0,580.0,524.5
T_Off_aVL,0.000144693985517641,0.00023859862006818627,623.0,427.0,525.0
Tp_Amp_V1,0.006297822872516345,6.395118123029944e-05,547.0,504.0,525.5
Rp_Amp_I,0.011332245160482923,2.660069334100734e-05,490.0,563.0,526.5
Tp_Amp_V2,0.006321884136686329,5.804898394602645e-05,546.0,513.0,529.5
Pp_Amp_aVF,0.004307329989858832,7.63177350518861e-05,568.0,493.0,530.5
Pp_PeakTime_V3,0.01086097703364608,2.5253170444905376e-05,493.0,569.0,531.0
P_Morph_aVL,0.0041124438130184515,7.963885217679808e-05,572.0,490.0,531.0
Sp_Amp_V2,0.01098902681431646,2.295152218327116e-05,491.0,572.0,531.5
Pp_PeakTime_III,0.0018012546558399123,0.00012639761296553718,602.0,461.0,531.5
Sp_PeakTime_aVF,0.007616267719318337,3.7022503628304654e-05,525.0,543.0,534.0
Tp_Dur_II,0.005414266261747347,5.681337324297276e-05,559.0,516.0,537.5
Rp_PeakTime_V5,0.013932688153872164,8.764726609243808e-06,466.0,611.0,538.5
Rp_Area_V4,0.007099603346310435,3.3743282003686826e-05,532.0,547.0,539.5
Tp_PeakTime_II,0.01292240206261619,1.064683965108e-05,479.0,606.0,542.5
Pp_Area_aVR,0.013053075207888565,8.680393654454269e-06,475.0,612.0,543.5
Tp_PeakTime_V5,0.005467377810141283,4.472772060267982e-05,557.0,532.0,544.5
Pp_PeakTime_aVL,0.0,0.00016874766611590486,639.5,451.0,545.25
Rp_Dur_V4,0.009401743226604697,1.7752024409927783e-05,506.0,585.0,545.5
Sp_Area_aVF,0.002725198675892493,6.784803783728633e-05,592.0,501.0,546.5
Rp_Area_aVF,0.0,0.00014362298706159025,639.5,455.0,547.25
P-_Dur_V6,0.010500851485293339,1.206453772735221e-05,497.0,598.0,547.5
Rp_Area_I,0.0028261115056884556,6.228225918543507e-05,590.0,506.0,548.0
Sp_Dur_V2,0.005425764337983807,3.9910495769266036e-05,558.0,539.0,548.5
Rp_Dur_V5,0.006746857612196955,2.7186590753547328e-05,539.0,562.0,550.5
Pp_Amp_V3,0.002371634805306222,6.162286208851704e-05,596.0,508.0,552.0
Rp_PeakTime_V4,0.005976075768299616,3.1250915639152465e-05,553.0,551.0,552.0
P-_Dur_aVF,0.006062044253864141,3.0464202718067232e-05,552.0,553.0,552.5
Sp_Dur_V4,0.008872324820816235,1.2809966886461589e-05,511.0,594.0,552.5
Sp_PeakTime_V4,0.005643455918674434,3.0328796368467754e-05,555.0,554.0,554.5
Pp_PeakTime_aVF,0.0017318787746996023,6.485782688278272e-05,606.0,503.0,554.5
Rp_Amp_aVF,0.0,0.00011015023591275109,639.5,470.0,554.75
Sp_Dur_III,0.006800575149574328,2.2510940557358455e-05,537.0,573.0,555.0
Pp_PeakTime_V5,0.010100123616449075,8.488595859121456e-06,501.0,613.0,557.0
Sp_Area_V2,0.006088273684059953,2.5539152383419326e-05,550.0,568.0,559.0
Rp_Amp_V4,0.006682166284821989,2.0621621861385436e-05,540.0,579.0,559.5
Tp_Dur_V2,0.0026900181007554202,4.852814690537165e-05,593.0,526.0,559.5
Rp_Dur_II,0.006602262990160757,2.2013978990201525e-05,541.0,578.0,559.5
Sp_PeakTime_V3,0.006253392046158712,2.2427156593747095e-05,548.0,575.0,561.5
Rp_Dur_I,0.0038274864178595713,3.616273820389304e-05,580.0,544.0,562.0
Tp_Amp_aVL,0.0018007010631291287,5.3044083799066064e-05,603.0,522.0,562.5
Pp_Amp_I,0.00210418804611745,4.602812608476513e-05,599.0,530.0,564.5
Pp_Dur_aVF,0.004213776487174581,2.650272876955601e-05,570.0,564.0,567.0
P+_Amp_aVR,0.009631613501528857,2.8192773344445407e-06,503.0,632.0,567.5
P-_Amp_I,0.006821564521591661,1.18871900795634e-05,536.0,600.0,568.0
Sp_Amp_V3,0.009390773929789376,4.00939510000366e-06,507.0,629.0,568.0
P-_Amp_V5,0.008717123448414466,5.580955349202831e-06,514.0,626.0,570.0
Pp_PeakTime_I,0.0027681325310764393,3.244242591359342e-05,591.0,550.0,570.5
Rp_PeakTime_II,0.0022646507733439236,3.473808139004232e-05,597.0,545.0,571.0
P-_Dur_V4,0.003923763733076235,2.603305404292182e-05,579.0,566.0,572.5
Sp_PeakTime_II,0.005387061193279585,1.6987978928446804e-05,560.0,587.0,573.5
Tp_PeakTime_aVL,0.0,5.908024392963677e-05,639.5,511.0,575.25
Pp_Dur_II,0.007708311410717261,4.5046960299975026e-06,524.0,627.0,575.5
Sp_Area_aVL,0.007257262460546254,6.174857359204317e-06,530.0,621.0,575.5
Tp_PeakTime_III,0.0,5.871951730902659e-05,639.5,512.0,575.75
Sp_Area_III,0.009468765533989565,0.0,505.0,647.0,576.0
Sp_Amp_aVL,0.003405629562739154,2.554472878013977e-05,586.0,567.0,576.5
Tp_PeakTime_aVF,0.003934376254503658,2.2273645245306643e-05,577.0,577.0,577.0
Sp_Dur_V3,0.0015844654745396092,3.259209735264279e-05,608.0,549.0,578.5
Sp_Amp_V5,0.0008599174322565517,3.398830374850594e-05,615.0,546.0,580.5
Pp_Area_aVF,0.0,5.199286420252538e-05,639.5,523.0,581.25
Pp_PeakTime_V4,0.003621469715882064,1.997208903034287e-05,583.0,581.0,582.0
Sp_Area_V4,0.0047691501002065095,1.1517198841849134e-05,566.0,601.0,583.5
Pp_Area_V4,0.005016499734118884,1.0902076652237246e-05,564.0,605.0,584.5
P_Morph_aVR,0.004948206731336224,1.0568638324481937e-05,565.0,607.0,586.0
Rp_Area_II,0.0,4.469174067065255e-05,639.5,533.0,586.25
Rp_Amp_V6,0.006749642431535197,2.332590486447558e-06,538.0,636.0,587.0
Rp_PeakTime_V6,0.006077811490857066,5.6095624859787565e-06,551.0,625.0,588.0
Pp_Dur_V6,0.004269810482965042,1.0312600657309975e-05,569.0,609.0,589.0
Sp_Amp_II,0.0,3.983426043124502e-05,639.5,540.0,589.75
Pp_Area_V5,0.007008161451546258,0.0,534.0,647.0,590.5
P-_Amp_V4,0.0012020859124626249,2.4210528740034476e-05,613.0,571.0,592.0
Tp_Dur_V1,0.002576198150914255,1.4732742104153504e-05,594.0,591.0,592.5
Pp_Area_II,0.0,3.118417133408851e-05,639.5,552.0,595.75
Sp_Area_V5,0.005381889924118255,2.5971251538282735e-06,561.0,635.0,598.0
Sp_Area_II,0.0019007254275527075,1.2202306364971962e-05,601.0,596.0,598.5
Sp_Dur_II,0.0007813218441508063,1.9000950164810328e-05,616.0,582.0,599.0
Sp_Dur_aVF,0.0,2.8027580656838036e-05,639.5,559.0,599.25
Sp_Dur_aVL,0.003931421417026737,3.0515665242191734e-06,578.0,630.0,604.0
Rp_Dur_V6,0.0015221630382722395,1.1985839613801918e-05,609.0,599.0,604.0
Sp_Area_V6,0.005198261255957792,0.0,562.0,647.0,604.5
Sp_Dur_V1,0.005120606492696744,0.0,563.0,647.0,605.0
P+_Dur_aVR,0.0017564140705124132,9.360786673887673e-06,604.0,610.0,607.0
P-_Amp_aVF,0.0,2.2346933472523765e-05,639.5,576.0,607.75
Pp_Dur_aVR,0.00198899142546205,7.603254435233077e-06,600.0,617.0,608.5
Sp_Area_aVR,0.0041397048307394435,0.0,571.0,647.0,609.0
Sp_PeakTime_aVR,0.004085923160565219,0.0,573.0,647.0,610.0
Sp_PeakTime_V5,0.0037372969987963245,1.5074425619669153e-06,582.0,638.0,610.0
P-_Dur_V5,0.00046714912486489624,1.143252753467136e-05,619.0,602.0,610.5
Sp_Dur_aVR,0.003991259085031729,0.0,575.0,647.0,611.0
Pp_PeakTime_aVR,0.0,1.7605774531270034e-05,639.5,586.0,612.75
Sp_PeakTime_V1,0.0021264330622239314,4.324238165791624e-06,598.0,628.0,613.0
P-_Dur_II,0.0029921342333087964,2.1794994415041214e-06,589.0,637.0,613.0
Pp_Amp_V4,0.0,1.6935032203848718e-05,639.5,588.0,613.75
Pp_Area_V6,0.0038140212614670155,0.0,581.0,647.0,614.0
Tp_PeakTime_V1,0.0,1.6588425173045684e-05,639.5,589.0,614.25
Pp_Amp_V5,0.00030635013908053566,1.0380165267437145e-05,621.0,608.0,614.5
Sp_Dur_V5,0.001657305128496489,6.153654056720965e-06,607.0,622.0,614.5
Sp_Amp_aVF,0.0,1.497920073765741e-05,639.5,590.0,614.75
P-_Amp_V6,0.003474968040761528,0.0,584.0,647.0,615.5
Sp_Amp_III,0.0,1.3733956318352992e-05,639.5,592.0,615.75
Pp_Area_I,0.0,1.3668873130599675e-05,639.5,593.0,616.25
Pp_PeakTime_II,0.0,1.2607470268752255e-05,639.5,595.0,617.25
Pp_Dur_V4,0.0,1.2107407756156478e-05,639.5,597.0,618.25
Pp_Amp_II,0.00017274838367908885,7.015767635181405e-06,622.0,619.0,620.5
Sp_PeakTime_aVL,0.0005730871767131163,6.015464304227789e-06,618.0,623.0,620.5
Sp_Amp_V1,0.0,1.101363276977991e-05,639.5,603.0,621.25
Pp_PeakTime_V6,0.0,1.0963104273964615e-05,639.5,604.0,621.75
Sp_Area_V1,0.0010597616543184252,2.7832278675684784e-06,614.0,634.0,624.0
Sp_Area_I,0.0017463453041490773,0.0,605.0,647.0,626.0
Pp_Dur_I,0.0,8.373232097537705e-06,639.5,614.0,626.75
Sp_Amp_V4,0.0,7.785501352923255e-06,639.5,615.0,627.25
Sp_Amp_aVR,0.0,7.650477829622664e-06,639.5,616.0,627.75
Pp_Amp_V6,0.0014060375594691088,0.0,610.0,647.0,628.5
Sp_PeakTime_V6,0.0,7.481794389038274e-06,639.5,618.0,628.75
Sp_Dur_V6,0.0013666909219853807,0.0,612.0,647.0,629.5
Pp_Dur_V5,0.0,6.89454537993419e-06,639.5,620.0,629.75
P-_Amp_II,0.0,5.9251608299700125e-06,639.5,624.0,631.75
P-_Dur_I,0.0006359502386206195,0.0,617.0,647.0,632.0
Pp_Amp_aVR,0.0,2.9126716184006252e-06,639.5,631.0,635.25
Sp_Amp_V6,0.0,2.791956761256083e-06,639.5,633.0,636.25
Sp_Dur_I,0.0,0.0,639.5,647.0,643.25
Sp_PeakTime_I,0.0,0.0,639.5,647.0,643.25
Sp_Amp_I,0.0,0.0,639.5,647.0,643.25
