Feature,Missing_Count,NORM_in_Missing(%),NORM_Ratio,MI_in_Missing(%),MI_Ratio,STTC_in_Missing(%),STTC_Ratio,CD_in_Missing(%),CD_Ratio,HYP_in_Missing(%),HYP_Ratio
heart_axis,8160,53.42,1.37,18.48,0.62,25.43,1.06,15.8,0.58,13.21,1.11
P_On_Global,1763,3.52,0.07,41.92,1.74,59.78,2.81,35.68,1.64,19.17,1.63
P_Off_Global,1763,3.52,0.07,41.92,1.74,59.78,2.81,35.68,1.64,19.17,1.63
P_Dur_Global,1763,3.52,0.07,41.92,1.74,59.78,2.81,35.68,1.64,19.17,1.63
P_AxisFront_Global,1740,4.6,0.1,40.8,1.68,58.85,2.75,34.25,1.56,18.45,1.56
PR_Int_Global,1722,4.59,0.1,40.48,1.67,59.52,2.78,33.86,1.54,18.76,1.59
HR_Atrial_Global,1507,4.11,0.09,39.62,1.62,61.11,2.82,32.12,1.45,18.91,1.59
T_AxisFront_Global,4,0.0,0.0,50.0,1.96,100.0,4.09,50.0,2.18,50.0,4.04
R_AxisFrontal_Global,1,0.0,0.0,100.0,3.91,0.0,0.0,0.0,0.0,0.0,0.0
